Country,Year,mortality_rate,medical_doctors,hospital_beds,Pharmacists,Che
Afghanistan,2016-01-01,245,2.782,5.0,0.473,61.5
Afghanistan,2015-01-01,233,2.85,5.0,0.49700000000000005,60.1
Afghanistan,2014-01-01,234,2.983,5.0,0.513,60.1
Afghanistan,2012-01-01,242,2.414,5.3,0.271,52.2
Afghanistan,2011-01-01,248,2.5180000000000002,4.4,0.278,51.6
Afghanistan,2010-01-01,255,2.365,4.3,0.27899999999999997,45.6
Afghanistan,2009-01-01,260,2.126,4.2,0.298,42.3
Afghanistan,2008-01-01,265,1.744,4.2,0.299,38.7
Afghanistan,2007-01-01,273,1.743,4.2,0.306,31.8
Afghanistan,2006-01-01,276,1.5959999999999999,4.2,0.314,28.4
Afghanistan,2001-01-01,307,1.899,3.9,0.243,
Armenia,2014-01-01,118,28.928,41.6,0.515,406.6
Armenia,2013-01-01,121,29.031,40.6,0.511,396.8
Armenia,2012-01-01,131,28.968000000000004,40.5,0.433,336.6
Armenia,2011-01-01,135,28.677,37.4,0.42100000000000004,330.7
Armenia,2010-01-01,138,28.419,37.3,0.42700000000000005,297.2
Armenia,2009-01-01,142,27.679000000000002,37.2,0.381,252.8
Armenia,2008-01-01,144,27.432,38.2,0.365,266.3
Armenia,2007-01-01,137,26.724,40.7,0.37200000000000005,172.6
Armenia,2006-01-01,145,25.897,44.2,0.345,126.2
Armenia,2005-01-01,140,25.643,44.6,0.319,96.4
Armenia,2004-01-01,135,24.604,44.4,0.287,72.2
Armenia,2003-01-01,137,24.563000000000002,44.2,0.311,66.8
Armenia,2002-01-01,137,25.633000000000003,43.5,0.353,59.6
Armenia,2001-01-01,143,26.186999999999998,50.3,0.315,32.3
Armenia,2000-01-01,143,27.006999999999998,64.4,0.345,26.1
Australia,2016-01-01,61,35.672,38.4,8.639,4999.8
Australia,2015-01-01,62,34.885999999999996,38.2,8.474,4887.8
Australia,2014-01-01,61,34.314,37.9,8.33,5637.6
Australia,2013-01-01,60,33.53,37.4,8.234,5838.4
Australia,2012-01-01,60,32.858000000000004,37.5,7.465,6047.1
Australia,2011-01-01,62,32.878,37.9,6.754,5876.9
Australia,2010-01-01,63,33.429,37.8,8.683,4952.8
Australia,2009-01-01,65,31.085,37.7,10.712,3997.5
Australia,2008-01-01,64,30.055999999999997,38.2,8.954,4088.8
Australia,2006-01-01,65,28.338,39.3,7.941,3177.5
Australia,2005-01-01,68,27.794,39.0,7.3839999999999995,3004.1
Austria,2016-01-01,62,51.233999999999995,74.2,7.081,4718.9
Austria,2015-01-01,64,51.035,75.4,7.0329999999999995,4611.0
Austria,2014-01-01,65,50.358999999999995,75.8,6.962999999999999,5386.4
Austria,2013-01-01,67,49.744,76.4,6.917000000000001,5233.9
Austria,2012-01-01,68,48.858999999999995,76.7,6.849,4966.4
Austria,2011-01-01,72,48.398,76.8,6.742999999999999,5161.1
Austria,2010-01-01,74,48.016000000000005,76.5,6.6339999999999995,4796.1
Austria,2009-01-01,77,47.06,76.8,6.5120000000000005,4909.2
Austria,2008-01-01,76,46.169,76.9,6.385,5037.4
Austria,2007-01-01,80,45.528,77.5,6.331,4472.8
Austria,2006-01-01,80,44.684,76.6,6.267,3879.5
Austria,2005-01-01,84,43.355,76.9,6.15,3708.9
Austria,2004-01-01,84,42.095,77.3,6.081,3588.2
Austria,2003-01-01,86,41.173,77.3,5.955,3084.3
Austria,2002-01-01,87,40.336999999999996,78.1,5.7829999999999995,2486.1
Austria,2001-01-01,90,39.616,78.5,5.657,2280.5
Austria,2000-01-01,94,38.492,79.5,5.6160000000000005,2263.5
Azerbaijan,2014-01-01,121,34.46,48.2,1.996,432.9
Azerbaijan,2013-01-01,124,34.558,46.9,2.079,399.4
Azerbaijan,2012-01-01,126,34.900999999999996,46.5,1.8,368.7
Azerbaijan,2011-01-01,129,34.376,46.2,1.8119999999999998,325.1
Azerbaijan,2010-01-01,132,36.629,50.6,2.0269999999999997,279.3
Azerbaijan,2009-01-01,133,36.751,75.4,1.851,258.2
Azerbaijan,2008-01-01,142,36.844,76.7,1.7009999999999998,224.4
Azerbaijan,2007-01-01,141,37.124,79.3,1.844,176.7
Azerbaijan,2006-01-01,153,35.649,79.4,1.94,140.1
Azerbaijan,2005-01-01,160,35.819,82.1,2.0380000000000003,115.3
Azerbaijan,2004-01-01,151,35.568000000000005,82.4,2.052,73.9
Azerbaijan,2003-01-01,151,35.505,82.7,2.2030000000000003,51.7
Azerbaijan,2002-01-01,144,35.618,84.0,2.747,27.8
Azerbaijan,2001-01-01,149,35.48,85.1,2.614,25.6
Azerbaijan,2000-01-01,161,35.743,86.9,2.923,25.3
Bahamas,2011-01-01,158,23.081,29.0,5.617000000000001,1661.7
Bahrain,2015-01-01,59,9.257,19.5,1.618,1128.8
Bahrain,2014-01-01,62,9.573,20.3,1.639,1101.0
Bahrain,2013-01-01,63,9.536,20.8,1.475,1066.4
Bahrain,2012-01-01,66,9.57,20.8,1.577,971.2
Bahrain,2011-01-01,66,9.451,17.0,1.51,805.2
Bahrain,2010-01-01,66,9.493,17.7,1.579,796.3
Bahrain,2009-01-01,69,9.695,19.0,1.569,785.3
Bahrain,2008-01-01,73,9.896,19.7,1.669,757.8
Bahrain,2007-01-01,80,10.155,27.4,1.7380000000000002,693.0
Bahrain,2006-01-01,89,10.142000000000001,27.4,1.795,591.3
Bahrain,2005-01-01,83,10.436,28.1,1.844,570.3
Bahrain,2003-01-01,92,10.479000000000001,28.1,1.785,567.2
Bahrain,2002-01-01,99,10.774000000000001,28.6,1.8230000000000002,503.0
Bahrain,2001-01-01,98,10.636,28.2,1.935,484.9
Bahrain,2000-01-01,101,10.202,27.5,1.911,485.7
Bangladesh,2015-01-01,133,4.8580000000000005,7.7,0.7809999999999999,31.8
Bangladesh,2014-01-01,136,4.887,6.0,0.789,28.8
Belarus,2014-01-01,175,50.12,108.3,3.435,447.7
Belarus,2013-01-01,183,48.534,110.5,3.464,453.8
Belarus,2012-01-01,192,48.352,112.7,3.429,363.8
Belarus,2011-01-01,227,47.611000000000004,112.5,3.29,318.0
Belarus,2010-01-01,226,32.498000000000005,114.5,2.8989999999999996,341.8
Belarus,2009-01-01,225,32.845,110.7,3.236,289.1
Belarus,2008-01-01,228,31.476999999999997,111.2,3.173,349.7
Belarus,2007-01-01,230,35.306,112.3,3.158,279.4
Belarus,2006-01-01,246,33.795,111.8,3.0789999999999997,222.5
Belarus,2005-01-01,255,33.145,111.3,3.031,197.1
Belarus,2004-01-01,249,33.02,107.1,3.011,141.9
Belarus,2003-01-01,254,33.184,113.4,2.997,109.2
Belarus,2002-01-01,264,32.988,119.4,2.9410000000000003,86.5
Belarus,2001-01-01,255,32.801,125.8,3.0589999999999997,73.9
Belarus,2000-01-01,247,32.998000000000005,126.1,3.24,57.3
Belgium,2016-01-01,72,30.679000000000002,57.6,12.220999999999998,4278.8
Belgium,2015-01-01,72,30.138,58.3,12.085999999999999,4171.1
Belgium,2014-01-01,73,29.723000000000003,58.5,12.038,4944.3
Belgium,2013-01-01,77,29.585,59.3,11.905999999999999,4849.9
Belgium,2012-01-01,79,29.393,59.9,11.751,4614.7
Belgium,2011-01-01,81,29.219,60.5,11.663,4856.2
Belgium,2010-01-01,81,29.085,61.2,11.545,4449.5
Belgium,2009-01-01,84,29.078000000000003,61.5,11.464,4566.8
Belgium,2008-01-01,86,29.021,62.5,11.690999999999999,4539.7
Belgium,2007-01-01,86,28.855,62.7,11.503,3988.9
Belgium,2006-01-01,85,28.664,63.5,11.402999999999999,3474.4
Belgium,2005-01-01,88,28.521,64.4,11.265999999999998,3340.0
Belgium,2004-01-01,89,28.522,64.8,11.085999999999999,3255.4
Belgium,2003-01-01,94,28.454,65.3,10.936,2804.9
Belgium,2002-01-01,97,28.497,65.4,10.797,2074.9
Belgium,2001-01-01,98,28.397,66.2,10.600999999999999,1878.3
Belgium,2000-01-01,99,28.204,67.2,10.43,1845.3
Benin,2010-01-01,257,0.5579999999999999,5.0,0.017,31.0
Bhutan,2012-01-01,222,2.765,17.4,0.157,80.1
Bolivia (Plurinational State of),2016-01-01,182,15.901,12.7,2.245,213.0
Bolivia (Plurinational State of),2011-01-01,198,4.671,10.7,0.6459999999999999,123.0
Bosnia and Herzegovina,2014-01-01,96,21.326,34.9,1.266,492.1
Bosnia and Herzegovina,2013-01-01,97,20.355,35.0,1.2109999999999999,477.8
Bosnia and Herzegovina,2012-01-01,98,19.49,35.0,1.171,447.6
Bosnia and Herzegovina,2011-01-01,100,18.794,34.6,1.071,463.5
Bosnia and Herzegovina,2010-01-01,101,17.987000000000002,34.0,1.001,415.9
Bosnia and Herzegovina,2009-01-01,104,17.38,33.3,0.9740000000000001,423.8
Bosnia and Herzegovina,2008-01-01,105,16.714000000000002,33.5,0.9640000000000001,481.7
Bosnia and Herzegovina,2007-01-01,114,16.429000000000002,33.9,0.97,386.9
Bosnia and Herzegovina,2006-01-01,109,15.754000000000001,33.2,0.9159999999999999,302.4
Bosnia and Herzegovina,2005-01-01,112,15.332,31.2,0.879,261.8
Bosnia and Herzegovina,2004-01-01,108,15.09,30.5,0.978,243.4
Bosnia and Herzegovina,2003-01-01,113,14.776,31.7,0.965,180.4
Bosnia and Herzegovina,2002-01-01,111,14.478,32.1,0.99,126.9
Bosnia and Herzegovina,2001-01-01,125,14.499,32.4,0.932,111.8
Bosnia and Herzegovina,2000-01-01,128,14.547,33.8,1.013,113.0
Botswana,2008-01-01,396,3.738,18.0,0.6940000000000001,325.1
Brazil,2010-01-01,154,18.139,23.7,5.496,891.8
Brazil,2008-01-01,157,17.802,24.4,5.421,704.0
Brazil,2007-01-01,158,17.305999999999997,24.7,5.475,599.9
Brazil,2006-01-01,160,17.007,24.8,5.532,483.4
Brazil,2005-01-01,162,16.663,25.2,5.356,383.3
Brazil,2001-01-01,180,13.895,27.8,3.766,269.3
Brazil,2000-01-01,184,11.337,28.2,2.605,311.7
Brunei Darussalam,2015-01-01,99,17.812,27.7,1.7109999999999999,739.2
Brunei Darussalam,2012-01-01,92,14.937000000000001,24.4,1.278,882.0
Brunei Darussalam,2011-01-01,91,15.443,24.6,1.219,876.4
Brunei Darussalam,2010-01-01,91,14.488,24.6,1.107,803.5
Brunei Darussalam,2005-01-01,92,10.682,25.8,1.123,646.1
Burkina Faso,2010-01-01,277,0.457,4.0,0.11800000000000001,33.9
Burundi,2011-01-01,315,0.39899999999999997,19.0,0.026000000000000002,24.9
Cabo Verde,2010-01-01,138,5.928,21.0,0.081,148.2
Cambodia,2013-01-01,183,4.758,7.0,0.349,72.0
Cameroon,2010-01-01,355,0.8420000000000001,13.0,0.021,59.0
Canada,2016-01-01,63,23.105,26.0,11.238,4518.1
Chile,2016-01-01,87,22.936999999999998,21.2,4.7,1190.5
Chile,2015-01-01,88,21.47,21.4,4.433,1140.1
Chile,2014-01-01,88,20.278,21.2,4.125,1154.8
Chile,2013-01-01,90,18.805999999999997,21.7,3.451,1186.8
Chile,2012-01-01,89,17.471,21.7,2.995,1083.5
Chile,2011-01-01,90,15.854000000000001,22.2,2.687,995.8
Chile,2010-01-01,94,14.333,20.4,2.636,871.3
China,2015-01-01,82,17.732,37.9,2.992,392.8
China,2014-01-01,83,16.877,35.5,2.911,361.7
China,2013-01-01,84,16.332,32.9,2.826,328.2
China,2012-01-01,85,15.367,30.1,2.7119999999999997,283.5
China,2011-01-01,86,14.637,26.9,2.63,237.9
China,2010-01-01,88,14.532,24.7,2.571,187.7
China,2009-01-01,89,13.922,22.9,2.498,163.7
China,2008-01-01,93,13.165999999999999,21.3,2.4290000000000003,132.8
China,2007-01-01,92,12.675999999999998,19.9,2.403,97.7
China,2006-01-01,93,12.47,19.1,2.627,81.8
China,2005-01-01,95,12.127,18.4,2.612,72.4
China,2002-01-01,101,11.134,17.0,2.721,49.5
China,2000-01-01,110,12.356,16.8,3.194,42.4
Costa Rica,2016-01-01,97,13.759,11.5,7.295,886.5
Costa Rica,2015-01-01,97,13.794,11.6,7.257000000000001,891.3
Costa Rica,2013-01-01,97,11.411,11.8,1.879,831.7
Costa Rica,2011-01-01,100,23.721,12.3,8.157,755.0
Costa Rica,2000-01-01,100,13.133,16.5,2.887,251.1
Croatia,2015-01-01,96,31.728,55.6,7.187,795.5
Croatia,2014-01-01,94,31.258000000000003,59.1,7.106,909.4
Croatia,2013-01-01,96,30.178,58.6,6.973,889.9
Croatia,2012-01-01,103,29.730999999999998,58.9,6.992999999999999,1030.0
Croatia,2011-01-01,103,28.958000000000002,58.4,6.891,1132.5
Croatia,2010-01-01,106,28.428,57.8,6.587000000000001,1126.4
Croatia,2009-01-01,109,27.211,55.3,6.157,1187.5
Croatia,2008-01-01,117,27.113000000000003,56.3,6.065,1258.9
Croatia,2007-01-01,115,27.046999999999997,56.5,5.976,1041.0
Croatia,2006-01-01,114,25.739,56.2,5.832000000000001,816.0
Croatia,2005-01-01,116,25.353,54.5,5.665,727.1
Croatia,2004-01-01,113,25.304000000000002,55.3,5.507000000000001,634.6
Croatia,2003-01-01,121,24.653000000000002,56.1,5.35,512.2
Croatia,2002-01-01,124,24.089000000000002,56.7,5.205,386.4
Croatia,2001-01-01,129,23.938000000000002,60.0,5.07,388.3
Croatia,2000-01-01,133,23.574,61.5,4.837,371.1
Cuba,2014-01-01,95,75.673,51.6,,856.0
Cuba,2013-01-01,96,74.183,50.5,,705.2
Cuba,2012-01-01,96,72.90100000000001,50.4,,597.6
Cyprus,2015-01-01,57,26.236,34.2,6.46,1582.1
Cyprus,2014-01-01,61,24.993000000000002,34.2,1.632,1846.2
Cyprus,2013-01-01,58,24.076,34.1,1.635,1919.6
Cyprus,2012-01-01,55,22.96,34.6,1.7180000000000002,1943.2
Cyprus,2011-01-01,58,22.484,35.1,1.689,2153.4
Cyprus,2010-01-01,65,21.561999999999998,35.7,1.6269999999999998,1959.3
Cyprus,2009-01-01,68,21.064,37.6,1.63,2105.5
Cyprus,2008-01-01,68,20.506999999999998,37.8,1.5530000000000002,2155.2
Cyprus,2007-01-01,70,20.147000000000002,38.0,1.579,1694.3
Cyprus,2006-01-01,64,18.374000000000002,38.0,1.53,1474.0
Cyprus,2005-01-01,75,18.965,38.3,1.557,1366.0
Cyprus,2000-01-01,80,19.082,45.2,1.272,750.5
Czechia,2016-01-01,81,40.194,66.6,6.754,1321.6
Czechia,2015-01-01,83,39.516,66.7,6.57,1284.0
Czechia,2014-01-01,85,39.345,66.8,6.349,1512.9
Czechia,2013-01-01,89,36.628,67.0,6.029,1554.5
Czechia,2012-01-01,93,36.501999999999995,69.3,5.979,1387.4
Czechia,2011-01-01,96,35.606,70.6,5.888,1516.6
Czechia,2010-01-01,98,35.166,73.0,5.752000000000001,1373.9
Czechia,2009-01-01,101,35.032,71.4,5.64,1442.2
Czechia,2008-01-01,105,35.415,72.1,5.622000000000001,1449.3
Czechia,2007-01-01,106,35.544000000000004,73.3,5.585,1110.2
Czechia,2006-01-01,108,35.534,74.5,5.672999999999999,942.1
Czechia,2005-01-01,113,34.91,75.7,5.6160000000000005,852.7
Czechia,2004-01-01,115,35.067,76.5,5.541,746.3
Czechia,2003-01-01,121,35.12,77.3,5.479,640.7
Czechia,2002-01-01,119,34.87,77.6,5.263999999999999,497.7
Czechia,2001-01-01,121,34.293,77.7,5.062,388.5
Czechia,2000-01-01,124,33.631,78.0,4.917,342.9
Denmark,2016-01-01,65,40.099000000000004,26.0,5.216,5565.6
Denmark,2015-01-01,66,39.257,25.3,5.152,5469.3
Denmark,2014-01-01,68,38.632,26.9,5.083,6380.8
Denmark,2013-01-01,72,38.335,30.7,5.053,6236.6
Denmark,2011-01-01,78,37.808,31.3,4.816,6281.0
Denmark,2010-01-01,83,37.211,35.0,4.731,6011.5
Denmark,2009-01-01,84,36.488,34.9,4.544,6221.7
Denmark,2008-01-01,86,35.768,35.7,4.52,6137.8
Denmark,2007-01-01,91,34.527,36.9,4.561,5468.4
Denmark,2006-01-01,91,34.192,37.9,4.596,4778.9
Denmark,2005-01-01,89,33.333,38.6,4.609,4442.8
Denmark,2004-01-01,95,32.275999999999996,39.7,4.364,4194.9
Denmark,2003-01-01,98,30.83,41.3,4.479,3607.0
Denmark,2002-01-01,101,30.383000000000003,42.9,4.394,2895.8
Denmark,2001-01-01,100,29.333000000000002,42.2,4.354,2602.6
Denmark,2000-01-01,100,29.119,42.9,4.081,2496.0
Djibouti,2014-01-01,256,2.237,14.0,2.3369999999999997,72.0
Djibouti,2006-01-01,308,2.3280000000000003,16.1,0.201,47.2
Djibouti,2005-01-01,314,1.788,16.1,0.23,41.0
Djibouti,2004-01-01,323,1.672,16.1,0.233,40.3
Ecuador,2015-01-01,117,20.648000000000003,15.7,0.415,528.2
Ecuador,2011-01-01,130,16.582,16.2,0.531,410.8
Egypt,2016-01-01,165,8.214,14.3,4.04,151.5
Egypt,2015-01-01,166,8.217,15.6,3.9560000000000004,180.8
Egypt,2014-01-01,165,11.38,15.6,3.263,153.8
Estonia,2016-01-01,119,34.546,47.6,7.315,1185.3
Estonia,2015-01-01,116,34.152,49.6,7.207000000000001,1112.5
Estonia,2014-01-01,124,33.564,50.1,6.707999999999999,1237.3
Estonia,2013-01-01,122,33.318000000000005,50.1,6.58,1144.3
Estonia,2012-01-01,134,32.821999999999996,55.3,6.401,1013.4
Estonia,2011-01-01,136,32.929,53.6,6.266,1014.6
Estonia,2010-01-01,134,32.422,52.7,6.321000000000001,926.5
Estonia,2009-01-01,154,32.766999999999996,53.7,6.414,963.0
Estonia,2008-01-01,164,33.348,56.3,6.432,1038.6
Estonia,2007-01-01,187,32.508,54.8,6.487,832.7
Estonia,2006-01-01,186,31.761999999999997,55.5,6.002999999999999,600.5
Estonia,2005-01-01,187,31.43,53.8,6.2620000000000005,524.7
Estonia,2004-01-01,193,31.791,56.4,6.189,455.1
Estonia,2003-01-01,197,31.153000000000002,57.3,5.652,349.1
Estonia,2002-01-01,210,30.866999999999997,59.8,5.452999999999999,250.5
Estonia,2001-01-01,224,30.502,66.0,5.7410000000000005,214.7
Estonia,2000-01-01,216,31.241999999999997,70.4,5.825,209.7
Eswatini,2011-01-01,469,1.0170000000000001,21.0,0.28,333.2
Ethiopia,2008-01-01,295,0.251,2.0,0.05,13.4
Fiji,2015-01-01,188,8.6,18.7,1.094,174.5
Finland,2014-01-01,73,33.922,45.3,10.878,4740.0
Finland,2013-01-01,78,32.966,48.7,11.068,4306.8
Finland,2012-01-01,80,32.854,53.0,11.559000000000001,4411.2
Finland,2011-01-01,84,31.221,55.2,11.126,4548.8
Finland,2010-01-01,88,32.653,58.5,11.078,4099.6
Finland,2009-01-01,90,30.861,62.5,10.940999999999999,4179.8
Finland,2008-01-01,94,30.618000000000002,65.7,10.985999999999999,4315.5
Finland,2007-01-01,96,30.351,67.3,10.693,3774.8
Finland,2006-01-01,95,30.261999999999997,69.9,10.497,3286.4
Finland,2005-01-01,100,29.913,70.5,10.315999999999999,3111.4
Finland,2004-01-01,101,29.509,71.0,10.597000000000001,2926.8
Finland,2002-01-01,97,28.92,73.5,13.427,1971.7
Finland,2001-01-01,99,28.563000000000002,74.6,13.402999999999999,1738.0
Finland,2000-01-01,104,28.541,75.4,9.647,1655.9
France,2016-01-01,71,32.376,60.6,10.828,4257.0
France,2015-01-01,73,32.239000000000004,61.3,10.899000000000001,4204.1
France,2014-01-01,74,32.115,62.0,10.925999999999998,4987.9
France,2013-01-01,77,31.948,62.8,10.905,4900.4
France,2012-01-01,80,31.745,63.4,10.937000000000001,4652.3
France,2011-01-01,83,31.622,63.6,10.870999999999999,4933.4
France,2010-01-01,85,33.736,64.3,11.657,4593.4
France,2009-01-01,87,33.693000000000005,66.6,12.061,4724.2
France,2008-01-01,87,34.156,69.0,11.97,4793.8
France,2007-01-01,88,34.189,70.6,11.877,4314.5
France,2006-01-01,90,34.357,71.1,11.674000000000001,3812.5
France,2005-01-01,92,34.41,72.2,11.561,3573.6
France,2004-01-01,92,34.395,73.9,11.311,3452.4
France,2003-01-01,97,34.238,75.5,10.998,2999.6
France,2002-01-01,98,34.105,77.1,10.865,2438.2
France,2001-01-01,99,33.871,78.3,10.620999999999999,2190.8
France,2000-01-01,99,33.547,79.7,10.389000000000001,2156.5
Georgia,2014-01-01,155,47.754,28.9,0.763,349.0
Georgia,2013-01-01,158,45.145,25.9,0.847,334.9
Georgia,2012-01-01,157,44.868,25.3,0.75,323.0
Georgia,2011-01-01,153,45.004,28.1,0.818,290.3
Georgia,2010-01-01,157,44.466,29.9,0.861,262.5
Georgia,2009-01-01,156,42.218999999999994,30.9,0.835,247.0
Georgia,2008-01-01,150,40.001,32.1,0.765,255.9
Georgia,2007-01-01,140,39.027,33.2,0.794,177.1
Georgia,2006-01-01,145,38.683,37.4,0.812,136.9
Georgia,2005-01-01,144,38.164,39.2,0.805,118.7
Georgia,2004-01-01,148,38.009,41.2,0.885,94.0
Georgia,2003-01-01,144,38.266999999999996,41.9,0.88,72.0
Georgia,2002-01-01,152,38.069,42.0,0.885,59.0
Georgia,2001-01-01,125,37.156,44.5,0.919,50.8
Georgia,2000-01-01,129,38.371,48.1,0.983,47.9
Germany,2016-01-01,69,41.943999999999996,80.6,6.379,4734.2
Germany,2015-01-01,71,41.342,81.3,6.4270000000000005,4617.5
Germany,2014-01-01,70,40.846,82.3,6.385,5290.7
Germany,2013-01-01,73,40.086999999999996,82.8,6.336,5094.4
Germany,2012-01-01,73,39.196999999999996,83.4,6.231,4754.7
Germany,2011-01-01,75,38.491,83.8,6.265,5021.6
Germany,2010-01-01,78,37.567,82.5,6.261,4597.2
Germany,2009-01-01,80,36.638000000000005,82.4,6.167000000000001,4643.0
Germany,2008-01-01,81,35.863,82.1,6.156000000000001,4635.9
Germany,2007-01-01,82,35.287,82.4,6.093999999999999,4166.8
Germany,2006-01-01,83,34.748000000000005,83.0,5.98,3684.4
Germany,2005-01-01,84,34.314,84.7,5.888999999999999,3547.2
Germany,2004-01-01,85,34.104,85.8,5.858,3443.5
Germany,2003-01-01,89,33.896,87.4,5.876,3138.3
Germany,2002-01-01,91,33.6,88.7,5.931,2551.6
Germany,2001-01-01,92,33.29,90.1,5.855,2341.1
Germany,2000-01-01,95,32.785,91.2,5.885,2334.7
Greece,2016-01-01,66,54.036,42.0,10.645,1499.4
Greece,2015-01-01,68,52.527,42.5,10.6,1464.7
Greece,2014-01-01,67,52.167,42.4,10.82,1724.5
Greece,2013-01-01,68,42.155,42.4,10.671,1834.3
Greece,2012-01-01,72,41.343,44.5,10.385,1968.5
Greece,2011-01-01,73,40.414,44.7,10.372,2354.0
Greece,2010-01-01,74,39.442,44.8,10.25,2573.7
Guinea,2005-01-01,329,1.032,3.0,0.19399999999999998,14.4
Guinea-Bissau,2009-01-01,299,0.836,10.0,0.061,39.1
Hungary,2016-01-01,126,32.313,70.0,7.539,914.6
Hungary,2015-01-01,132,31.178,69.9,7.199,870.5
Hungary,2014-01-01,133,33.443000000000005,69.8,7.745,1006.2
Hungary,2013-01-01,136,32.284,70.4,7.651,990.6
Hungary,2012-01-01,143,31.061999999999998,70.0,5.761,961.1
Hungary,2011-01-01,147,29.811,71.9,5.8020000000000005,1063.4
Hungary,2010-01-01,152,28.896,71.8,5.864,983.1
Hungary,2009-01-01,160,30.399,71.4,5.754,943.7
Hungary,2008-01-01,164,31.049,71.1,5.778,1117.2
Hungary,2007-01-01,176,28.121,71.9,5.47,1003.3
Hungary,2006-01-01,178,30.406,79.8,5.334,893.2
Hungary,2005-01-01,182,27.816,79.1,5.268,895.2
Hungary,2004-01-01,180,33.345,78.9,5.098,798.5
Hungary,2003-01-01,184,37.708,79.0,5.053999999999999,682.9
Hungary,2002-01-01,184,36.681,79.1,4.987,473.1
Hungary,2001-01-01,185,32.46,79.2,4.928999999999999,359.7
Hungary,2000-01-01,193,30.033,81.6,4.7989999999999995,313.1
Iceland,2016-01-01,55,38.891999999999996,31.3,4.997,5063.6
Iceland,2015-01-01,54,37.826,31.2,4.846,4281.6
Iceland,2014-01-01,55,36.306,31.6,4.656000000000001,4476.2
Iceland,2013-01-01,53,35.696999999999996,32.2,4.676,4030.8
Iceland,2012-01-01,50,35.074,32.5,4.5760000000000005,3706.8
Iceland,2011-01-01,51,34.56,32.9,4.853,3867.4
Iceland,2010-01-01,53,35.654,35.8,4.8389999999999995,3644.8
Iceland,2009-01-01,55,36.760999999999996,37.0,5.157,3693.3
Iceland,2008-01-01,57,37.181999999999995,39.1,5.275,4945.6
Iceland,2007-01-01,60,36.894,41.2,5.242000000000001,6085.1
India,2016-01-01,178,7.59,4.8,5.599,60.6
India,2012-01-01,188,6.982,4.9,4.9830000000000005,49.1
India,2011-01-01,191,7.376,6.3,5.257000000000001,48.7
India,2010-01-01,194,6.6160000000000005,4.7,5.316,45.3
India,2009-01-01,198,6.22,4.4,5.385,38.4
India,2006-01-01,208,5.852,4.2,4.961,29.7
Indonesia,2015-01-01,178,2.738,9.8,1.1740000000000002,100.4
Indonesia,2010-01-01,187,1.395,5.7,,92.2
Indonesia,2009-01-01,189,1.4480000000000002,5.9,0.084,64.9
Iran (Islamic Republic of),2015-01-01,82,11.526,15.0,2.022,375.1
Iran (Islamic Republic of),2014-01-01,83,15.044,15.0,2.291,382.7
Iran (Islamic Republic of),2006-01-01,140,5.361000000000001,17.2,1.015,197.9
Iran (Islamic Republic of),2005-01-01,141,8.869,17.2,1.992,173.2
Iran (Islamic Republic of),2004-01-01,142,8.817,16.3,1.4,141.0
Iraq,2016-01-01,174,8.536,13.0,2.642,149.5
Iraq,2014-01-01,192,10.364,13.8,2.502,187.5
Iraq,2010-01-01,144,6.636,13.0,1.9080000000000001,145.5
Ireland,2016-01-01,62,32.323,29.6,11.472000000000001,4721.1
Ireland,2015-01-01,63,31.498,29.2,11.158,4565.1
Ireland,2014-01-01,62,30.291999999999998,25.7,11.755,5392.4
Ireland,2013-01-01,64,39.314,25.6,11.366,5330.2
Ireland,2012-01-01,66,39.423,25.4,10.859000000000002,5239.6
Ireland,2011-01-01,67,40.938,26.2,10.435,5563.4
Ireland,2010-01-01,65,41.326,27.3,10.027999999999999,5128.5
Ireland,2009-01-01,74,40.388000000000005,28.3,9.902999999999999,5480.8
Ireland,2008-01-01,72,40.144,48.5,10.111,5616.0
Ireland,2007-01-01,72,38.986,51.0,10.339,4852.2
Ireland,2006-01-01,75,36.638000000000005,52.6,9.71,4143.4
Ireland,2005-01-01,75,35.427,54.6,9.176,3936.6
Ireland,2004-01-01,79,27.454,56.4,8.785,3476.9
Ireland,2003-01-01,80,25.803,56.7,8.505,2904.4
Ireland,2002-01-01,86,24.166,57.8,8.045,2190.0
Ireland,2001-01-01,88,23.855999999999998,58.6,8.237,1822.1
Ireland,2000-01-01,93,22.304000000000002,61.3,8.046,1561.0
Israel,2016-01-01,58,34.632,29.9,7.563,2856.2
Israel,2015-01-01,58,34.618,30.3,7.812,2640.3
Israel,2014-01-01,58,34.669000000000004,30.8,7.385,2788.5
Israel,2013-01-01,59,34.866,30.9,7.585,2648.8
Israel,2012-01-01,58,35.075,31.0,7.836,2376.7
Israel,2011-01-01,59,35.177,31.4,7.747000000000001,2410.7
Israel,2010-01-01,60,35.191,31.6,7.803999999999999,2211.0
Israel,2009-01-01,61,35.43,31.9,7.0,2017.2
Israel,2008-01-01,64,35.637,33.0,6.599,2121.7
Israel,2007-01-01,67,36.293,33.5,6.28,1780.1
Israel,2006-01-01,69,36.935,34.0,6.636,1576.0
Israel,2005-01-01,72,37.54,37.3,6.892,1537.7
Israel,2004-01-01,73,38.126,38.0,6.671,1471.5
Israel,2003-01-01,76,38.513000000000005,38.6,6.318,1417.6
Israel,2002-01-01,81,38.51,38.1,6.646,1387.6
Israel,2001-01-01,79,38.398,38.6,6.93,1541.6
Israel,2000-01-01,80,38.22,38.5,6.727,1496.9
Italy,2016-01-01,54,39.504,31.7,11.550999999999998,2736.3
Italy,2015-01-01,55,38.479,32.0,11.545,2708.8
Italy,2014-01-01,54,39.048,32.1,11.633,3190.1
Italy,2013-01-01,56,39.044000000000004,33.1,11.380999999999998,3195.6
Jamaica,2016-01-01,131,4.5489999999999995,17.8,0.217,280.2
Jamaica,2015-01-01,133,4.147,16.9,0.284,279.3
Jamaica,2013-01-01,135,4.677,16.6,0.259,262.0
Jamaica,2012-01-01,137,3.54,16.7,0.24600000000000002,260.3
Japan,2016-01-01,51,24.115,131.1,18.017,4174.9
Japan,2014-01-01,54,23.413,132.1,16.859,4099.5
Japan,2012-01-01,57,22.74,133.5,16.019000000000002,5212.1
Japan,2010-01-01,61,22.059,135.1,15.374,4060.2
Japan,2008-01-01,64,21.394000000000002,137.1,14.474,3213.4
Japan,2006-01-01,67,20.746,139.7,13.565999999999999,2754.2
Jordan,2016-01-01,111,13.954,14.0,15.34,297.1
Jordan,2015-01-01,111,28.078000000000003,13.8,13.032,314.3
Jordan,2014-01-01,113,22.038,18.9,13.696,301.5
Jordan,2013-01-01,113,21.947,18.0,13.662,293.5
Jordan,2010-01-01,116,22.326,18.0,12.602,308.7
Jordan,2009-01-01,117,21.287,18.0,12.199000000000002,331.8
Jordan,2008-01-01,119,22.230999999999998,18.0,11.767000000000001,296.4
Jordan,2007-01-01,120,24.426,19.0,12.927999999999999,229.3
Jordan,2006-01-01,122,22.910999999999998,19.0,11.219000000000001,204.4
Jordan,2005-01-01,127,22.39,17.0,12.314,195.2
Jordan,2003-01-01,127,22.773000000000003,17.0,11.654000000000002,172.2
Jordan,2002-01-01,129,22.031,17.0,11.218,175.0
Jordan,2001-01-01,131,20.369,17.0,9.559,170.8
Jordan,2000-01-01,133,18.692,17.0,8.451,159.8
Kazakhstan,2014-01-01,199,39.8,60.6,8.185,343.0
Kazakhstan,2013-01-01,211,39.508,67.2,8.122,394.0
Kazakhstan,2012-01-01,224,39.108000000000004,70.1,8.083,376.1
Kazakhstan,2011-01-01,232,39.483000000000004,71.1,8.009,310.9
Kazakhstan,2010-01-01,243,39.278,72.9,6.931,247.4
Kazakhstan,2009-01-01,240,37.808,76.1,7.622999999999999,249.3
Kazakhstan,2008-01-01,264,37.161,77.1,8.117,254.3
Kazakhstan,2007-01-01,293,36.547,77.2,8.057,178.9
Kazakhstan,2006-01-01,299,36.983000000000004,77.8,9.033,175.4
Kazakhstan,2005-01-01,297,36.038000000000004,77.6,10.146,143.4
Kazakhstan,2004-01-01,289,35.907,77.7,7.599,111.7
Kazakhstan,2003-01-01,283,36.168,77.0,6.881,75.4
Kazakhstan,2002-01-01,276,35.83,70.2,4.322,59.0
Kazakhstan,2001-01-01,283,34.399,69.7,3.16,51.1
Kazakhstan,2000-01-01,287,32.804,71.9,3.054,50.5
Kenya,2010-01-01,285,1.696,14.0,0.737,59.2
Kuwait,2014-01-01,81,26.522,20.4,4.915,1375.0
Kuwait,2009-01-01,85,18.929000000000002,18.0,3.148,1454.5
Kuwait,2008-01-01,85,18.805999999999997,18.0,3.0269999999999997,1074.3
Kuwait,2007-01-01,86,18.814,19.0,2.963,976.8
Kuwait,2006-01-01,87,14.543,19.0,3.016,962.6
Kyrgyzstan,2014-01-01,175,22.13,44.1,0.414,95.2
Kyrgyzstan,2013-01-01,183,22.614,45.1,0.5529999999999999,105.7
Kyrgyzstan,2012-01-01,189,22.623,46.4,0.502,100.5
Kyrgyzstan,2011-01-01,196,22.86,47.0,0.326,80.0
Kyrgyzstan,2010-01-01,209,23.394000000000002,47.6,0.312,61.5
Kyrgyzstan,2009-01-01,204,23.409000000000002,48.3,0.29600000000000004,60.6
Kyrgyzstan,2008-01-01,218,23.528000000000002,50.1,0.244,63.7
Kyrgyzstan,2007-01-01,230,23.58,50.6,0.166,50.8
Kyrgyzstan,2006-01-01,233,24.489,50.9,0.258,45.9
Kyrgyzstan,2005-01-01,223,25.166999999999998,51.2,0.23600000000000002,36.1
Kyrgyzstan,2004-01-01,217,25.61,51.4,0.262,27.2
Kyrgyzstan,2003-01-01,217,25.735,53.1,0.273,22.3
Kyrgyzstan,2002-01-01,217,25.862,55.3,0.276,14.8
Kyrgyzstan,2001-01-01,219,26.959,61.5,0.29600000000000004,13.2
Kyrgyzstan,2000-01-01,228,28.043000000000003,70.4,0.285,12.3
Lao People's Democratic Republic,2012-01-01,209,1.8,15.0,1.845,33.0
Latvia,2016-01-01,154,31.885,57.2,8.322000000000001,874.2
Latvia,2015-01-01,154,31.656,56.9,7.879,775.6
Latvia,2014-01-01,159,31.724,56.6,7.659,855.6
Latvia,2013-01-01,164,31.408,58.0,7.882999999999999,807.1
Latvia,2012-01-01,162,30.913,58.9,6.776,745.5
Latvia,2011-01-01,167,30.837,58.8,6.486000000000001,764.6
Latvia,2010-01-01,178,30.756999999999998,56.8,6.763,689.1
Latvia,2009-01-01,185,31.485,67.4,6.35,744.7
Latvia,2008-01-01,200,32.424,77.7,6.172000000000001,913.5
Latvia,2007-01-01,224,31.464000000000002,78.3,5.732,807.0
Latvia,2006-01-01,232,30.195999999999998,78.5,6.0360000000000005,552.3
Latvia,2005-01-01,220,29.432,79.0,5.678999999999999,440.8
Latvia,2004-01-01,209,35.486,79.1,5.441,393.3
Latvia,2003-01-01,212,34.188,79.5,5.521,280.5
Lebanon,2016-01-01,96,20.115,27.3,11.794,667.3
Lebanon,2015-01-01,98,21.03,33.7,11.618,655.8
Lebanon,2014-01-01,99,20.735,28.5,11.81,676.3
Lebanon,2013-01-01,98,22.486,28.6,11.838,673.3
Lebanon,2011-01-01,111,26.201,34.5,12.855,711.6
Lebanon,2010-01-01,95,23.385,34.5,11.12,659.4
Lebanon,2007-01-01,99,23.464000000000002,34.3,9.79,520.1
Lebanon,2001-01-01,112,28.826999999999998,30.0,8.416,545.8
Liberia,2010-01-01,258,0.231,8.0,0.11800000000000001,44.5
Liberia,2009-01-01,269,0.24,7.0,0.12300000000000001,43.7
Libya,2015-01-01,147,18.942999999999998,37.0,4.856,
Libya,2014-01-01,137,20.583000000000002,37.0,6.1739999999999995,
Libya,2009-01-01,130,19.578,37.0,3.7089999999999996,355.9
Libya,2008-01-01,131,18.425,37.0,3.6839999999999997,321.5
Libya,2004-01-01,141,12.380999999999998,39.0,1.979,202.0
Lithuania,2003-01-01,207,33.104,78.5,6.648,338.9
Lithuania,2002-01-01,207,33.067,81.0,6.105,254.4
Lithuania,2001-01-01,214,32.914,83.3,6.195,218.8
Lithuania,2000-01-01,200,32.954,88.3,5.931,217.2
Luxembourg,2016-01-01,56,29.052,48.1,7.007999999999999,5595.6
Luxembourg,2015-01-01,52,29.221999999999998,49.3,7.005,5567.4
Luxembourg,2014-01-01,55,28.891,50.5,6.888999999999999,6681.0
Luxembourg,2013-01-01,60,28.326999999999998,51.7,7.04,6522.0
Luxembourg,2012-01-01,63,28.046999999999997,51.5,7.1579999999999995,7096.9
Luxembourg,2011-01-01,66,27.614,52.8,7.202000000000001,7164.7
Luxembourg,2010-01-01,67,27.683000000000003,53.7,7.364,7452.2
Luxembourg,2009-01-01,67,27.17,54.7,7.231,7639.9
Luxembourg,2008-01-01,69,27.359,55.7,7.087000000000001,7548.2
Luxembourg,2007-01-01,75,27.226999999999997,56.7,7.202000000000001,6662.4
Luxembourg,2006-01-01,78,26.16,56.5,7.216,6065.3
Luxembourg,2005-01-01,81,25.994,57.9,7.121,5815.8
Madagascar,2010-01-01,247,1.953,2.0,0.003,22.0
Madagascar,2005-01-01,265,1.801,3.0,0.004,16.5
Malaysia,2015-01-01,126,15.357999999999999,18.6,3.472,376.1
Malaysia,2012-01-01,129,13.32,19.0,3.32,382.3
Maldives,2009-01-01,76,14.884,43.0,5.829,667.7
Mali,2010-01-01,283,1.021,1.0,0.09,32.6
Malta,2015-01-01,55,28.598000000000003,45.9,12.869000000000002,2249.9
Malta,2014-01-01,53,26.592,45.9,11.46,2462.5
Malta,2013-01-01,57,24.595,47.8,11.007,2121.1
Malta,2012-01-01,57,23.566,47.1,10.763,1898.6
Malta,2011-01-01,59,22.384,43.8,8.02,1960.1
Malta,2010-01-01,58,21.53,45.2,7.265,1733.7
Malta,2009-01-01,61,19.169,48.3,5.564,1677.4
Malta,2008-01-01,62,33.553000000000004,73.9,13.7,1751.2
Mauritius,2011-01-01,156,14.467,34.0,3.261,396.6
Mauritius,2008-01-01,165,11.7,33.0,2.8080000000000003,321.8
Mexico,2010-01-01,136,22.362,10.5,0.49,538.7
Mexico,2000-01-01,138,19.808,10.5,,309.6
Mongolia,2015-01-01,213,32.194,70.0,5.016,167.3
Mongolia,2012-01-01,222,30.435,70.0,5.222,168.4
Mongolia,2010-01-01,234,27.564,60.0,4.324,99.1
Morocco,2009-01-01,87,6.477,11.3,2.821,169.6
Morocco,2004-01-01,129,5.31,8.7,2.395,93.4
Mozambique,2011-01-01,406,0.524,7.0,0.023,23.6
Nepal,2012-01-01,169,5.159,3.0,0.445,33.5
Netherlands,2016-01-01,59,35.47,34.1,2.15,4753.4
Netherlands,2015-01-01,58,34.917,34.9,2.125,4674.7
Netherlands,2013-01-01,61,33.058,36.1,2.117,5531.2
Netherlands,2012-01-01,63,32.463,37.5,2.05,5284.9
Netherlands,2011-01-01,64,31.243000000000002,38.4,2.07,5554.8
Netherlands,2010-01-01,64,29.516,40.5,1.983,5186.6
Netherlands,2009-01-01,65,29.057,42.0,1.956,5261.6
Netherlands,2008-01-01,67,28.49,42.7,1.9169999999999998,5360.7
Netherlands,2007-01-01,67,27.724,43.1,1.936,4689.9
Netherlands,2006-01-01,70,27.791,43.4,1.92,4076.6
Netherlands,2005-01-01,72,26.997,45.0,1.804,3822.0
Netherlands,2004-01-01,76,26.469,45.6,1.7790000000000001,3682.9
Netherlands,2003-01-01,80,26.2,45.8,1.746,3237.1
Netherlands,2002-01-01,81,25.815,46.9,1.672,2532.9
Netherlands,2001-01-01,82,25.193,47.5,1.624,2173.8
Netherlands,2000-01-01,83,24.427,49.2,1.5530000000000002,2023.1
New Zealand,2016-01-01,66,33.833,27.4,6.756,3745.2
New Zealand,2015-01-01,67,32.961,27.2,6.664,3582.3
New Zealand,2014-01-01,67,32.374,27.6,6.546,4144.5
New Zealand,2013-01-01,66,32.303000000000004,27.8,6.489,3955.5
New Zealand,2012-01-01,68,31.956999999999997,28.3,6.403,3806.6
New Zealand,2011-01-01,71,31.730999999999998,28.2,6.3839999999999995,3626.0
New Zealand,2010-01-01,71,30.658,27.5,6.292999999999999,3216.2
New Zealand,2009-01-01,73,30.476999999999997,24.1,6.157,2700.9
Nicaragua,2014-01-01,150,8.946,9.3,1.857,158.2
Niger,2015-01-01,257,0.47200000000000003,3.1,0.025,26.0
Norway,2016-01-01,55,26.983,36.8,7.808,7496.8
Norway,2015-01-01,54,26.474,37.6,7.428999999999999,7565.5
Norway,2014-01-01,57,26.831999999999997,38.4,7.215,9118.3
Norway,2013-01-01,61,25.991,38.6,6.902,9241.3
Norway,2012-01-01,60,25.531999999999996,39.7,6.716,8970.1
Norway,2011-01-01,66,25.441,41.9,6.459,8900.4
Norway,2010-01-01,65,24.949,43.0,6.386,7859.5
Norway,2009-01-01,67,24.756,45.2,6.247999999999999,7302.0
Oman,2016-01-01,96,19.249000000000002,14.9,5.403,645.1
Oman,2015-01-01,98,20.889,15.6,4.994,706.4
Oman,2014-01-01,100,21.480999999999998,15.8,4.899,721.9
Oman,2013-01-01,101,20.381,17.1,4.76,592.5
Oman,2012-01-01,103,20.169,16.5,4.737,564.4
Oman,2011-01-01,105,19.464000000000002,17.7,4.177,535.3
Oman,2010-01-01,107,19.274,17.7,4.113,529.1
Oman,2009-01-01,108,19.340999999999998,19.0,3.779,475.0
Oman,2008-01-01,110,18.88,20.2,3.457,444.2
Oman,2007-01-01,113,18.471,20.2,3.447,383.4
Oman,2006-01-01,115,17.743,21.0,3.1189999999999998,332.9
Oman,2005-01-01,118,16.653,21.0,2.998,320.2
Oman,2004-01-01,122,15.829,22.0,2.8539999999999996,301.4
Oman,2000-01-01,139,14.365,21.8,2.1830000000000003,263.5
Pakistan,2015-01-01,166,9.262,6.0,,37.9
Pakistan,2012-01-01,170,8.59,6.0,1.33,28.5
Pakistan,2004-01-01,183,7.422999999999999,6.8,0.517,16.2
Peru,2012-01-01,129,11.411,15.2,0.518,304.2
Poland,2016-01-01,111,24.146,66.4,7.704,813.5
Poland,2015-01-01,115,23.252,66.3,7.394,804.0
Poland,2014-01-01,115,23.02,66.3,7.284,911.3
Poland,2013-01-01,121,22.34,66.1,7.193,878.1
Poland,2012-01-01,126,22.241999999999997,66.3,7.022,815.1
Poland,2011-01-01,128,21.997,66.3,6.867000000000001,866.1
Poland,2010-01-01,131,21.706999999999997,66.1,6.575,809.2
Poland,2009-01-01,137,21.593000000000004,66.5,6.32,759.6
Poland,2008-01-01,142,21.482,66.2,6.143,892.6
Poland,2007-01-01,145,21.776,64.2,6.027,660.9
Poland,2006-01-01,145,21.671,64.7,5.8839999999999995,524.1
Poland,2005-01-01,144,21.267,65.2,5.757999999999999,465.7
Poland,2004-01-01,142,22.771,66.7,5.819,392.0
Poland,2003-01-01,140,24.188000000000002,66.8,6.607,339.3
Portugal,2016-01-01,76,49.397,33.9,8.511000000000001,1802.8
Portugal,2015-01-01,77,47.486999999999995,33.7,8.402000000000001,1724.5
Portugal,2014-01-01,77,45.567,33.2,8.043,1986.9
Portugal,2013-01-01,78,43.931999999999995,33.9,7.704,1959.4
Portugal,2012-01-01,81,42.361000000000004,34.1,7.357,1918.6
Portugal,2011-01-01,84,41.178000000000004,33.7,7.502999999999999,2207.7
Portugal,2010-01-01,86,39.756,33.7,7.242000000000001,2213.1
Portugal,2009-01-01,88,38.479,33.7,7.042000000000001,2279.5
Portugal,2008-01-01,89,37.405,33.9,6.542000000000001,2322.0
Portugal,2007-01-01,92,36.483000000000004,34.4,5.949,2067.1
Portugal,2006-01-01,95,35.654,34.8,5.652,1812.6
Portugal,2005-01-01,97,34.999,35.6,5.457000000000001,1773.5
Portugal,2004-01-01,99,34.205999999999996,35.9,5.212999999999999,1679.2
Portugal,2003-01-01,104,33.497,35.8,4.907,1405.9
Portugal,2002-01-01,107,32.996,35.7,4.501,1105.2
Portugal,2001-01-01,109,32.618,36.5,4.303,988.8
Portugal,2000-01-01,110,32.025999999999996,37.1,4.127,967.1
Qatar,2016-01-01,62,26.944000000000003,12.0,10.387,1800.5
Qatar,2014-01-01,64,17.351,12.0,8.686,2104.4
Qatar,2006-01-01,66,22.616999999999997,25.2,10.325999999999999,1327.7
Qatar,2005-01-01,67,24.844,24.3,12.710999999999999,1322.8
Republic of Korea,2016-01-01,61,23.037,119.8,6.6579999999999995,2040.4
Republic of Korea,2015-01-01,63,22.494,116.1,6.534,1925.5
Republic of Korea,2014-01-01,66,22.07,115.9,6.4510000000000005,1910.7
Republic of Korea,2013-01-01,68,21.631999999999998,109.2,6.462999999999999,1712.1
Republic of Korea,2012-01-01,70,20.798000000000002,102.5,6.504,1575.9
Republic of Korea,2011-01-01,74,20.361,95.3,6.757000000000001,1521.5
Republic of Korea,2010-01-01,76,19.839000000000002,87.4,6.489,1374.3
Republic of Korea,2009-01-01,78,19.185,81.9,6.483,1112.4
Republic of Korea,2008-01-01,79,18.407,77.3,6.432,1155.7
Republic of Korea,2007-01-01,80,18.655,72.4,6.376,1230.2
Republic of Korea,2006-01-01,82,18.047,64.8,6.39,1071.9
Republic of Korea,2005-01-01,86,17.529,59.0,6.2829999999999995,892.0
Republic of Moldova,2013-01-01,170,25.028000000000002,58.3,4.665,231.7
Republic of Moldova,2011-01-01,183,24.142,61.9,4.593999999999999,215.0
Republic of Moldova,2010-01-01,223,23.808000000000003,61.8,4.354,198.3
Republic of Moldova,2009-01-01,217,23.912,61.5,4.325,208.5
Republic of Moldova,2008-01-01,222,23.545,61.1,4.325,185.6
Republic of Moldova,2007-01-01,232,23.871,61.2,4.034,135.4
Republic of Moldova,2006-01-01,237,23.768,62.7,3.861,100.1
Republic of Moldova,2005-01-01,240,23.783,63.9,3.967,79.3
Republic of Moldova,2004-01-01,216,21.814,64.1,3.892,64.6
Republic of Moldova,2003-01-01,217,22.824,66.7,3.0669999999999997,38.4
Republic of Moldova,2002-01-01,216,23.103,67.5,3.202,33.9
Republic of Moldova,2001-01-01,219,22.925,69.0,3.327,25.4
Republic of Moldova,2000-01-01,226,24.553,70.8,3.141,21.4
Romania,2016-01-01,135,22.565,68.4,9.287,476.2
Romania,2013-01-01,134,26.24,66.7,8.062000000000001,495.2
Romania,2012-01-01,141,25.886999999999997,66.0,7.593,401.7
Romania,2011-01-01,141,25.153000000000002,63.1,7.125,426.6
Romania,2010-01-01,155,24.804000000000002,62.8,6.611000000000001,472.2
Romania,2009-01-01,160,24.414,66.2,5.763,449.4
Romania,2008-01-01,160,24.133000000000003,65.7,5.562,521.3
Romania,2007-01-01,155,22.915,65.4,5.224,415.1
Romania,2006-01-01,158,22.104,67.4,4.665,291.0
Romania,2005-01-01,162,22.125999999999998,67.8,4.323,254.5
Romania,2004-01-01,166,22.314,67.4,3.963,190.8
Romania,2002-01-01,178,20.96,76.7,3.2439999999999998,96.6
Romania,2001-01-01,179,19.816,77.4,3.221,78.8
Romania,2000-01-01,175,19.531,77.0,3.167,69.9
Russian Federation,2014-01-01,214,40.114000000000004,88.1,0.49200000000000005,742.3
Russian Federation,2013-01-01,221,40.705,90.7,0.531,811.2
Russian Federation,2012-01-01,230,41.303000000000004,93.0,0.527,760.1
Russian Federation,2011-01-01,237,,94.2,0.569,684.8
Russian Federation,2010-01-01,251,23.93,94.1,0.5820000000000001,567.4
Russian Federation,2009-01-01,256,23.924,96.8,0.645,516.7
Russian Federation,2008-01-01,274,23.811999999999998,98.5,0.636,609.9
Russian Federation,2007-01-01,279,23.840999999999998,107.1,0.622,461.9
Russian Federation,2006-01-01,299,23.721,109.0,0.639,352.7
Russian Federation,2005-01-01,326,23.204,110.1,0.66,272.0
Russian Federation,2004-01-01,321,23.099,111.3,0.645,209.2
Russian Federation,2003-01-01,325,23.163,110.4,0.652,164.7
Russian Federation,2002-01-01,317,23.193,111.5,0.6,140.8
Russian Federation,2001-01-01,311,22.958000000000002,113.3,0.5660000000000001,118.1
Russian Federation,2000-01-01,311,23.225,114.0,0.5820000000000001,95.4
Saudi Arabia,2016-01-01,89,23.776,22.3,7.859,1166.1
Saudi Arabia,2014-01-01,91,25.654,26.5,6.999,1284.8
Saudi Arabia,2012-01-01,94,24.53,20.9,5.347,1017.1
Saudi Arabia,2011-01-01,95,24.607,21.4,5.419,882.3
Saudi Arabia,2010-01-01,97,24.074,22.0,5.444,702.6
Saudi Arabia,2009-01-01,99,20.76,21.7,5.611000000000001,690.5
Saudi Arabia,2008-01-01,101,20.625999999999998,22.1,6.127000000000001,595.3
Senegal,2008-01-01,222,0.617,3.0,0.08900000000000001,48.2
Serbia,2016-01-01,103,31.131,55.9,8.107000000000001,496.4
Serbia,2015-01-01,106,24.603,55.8,,491.3
Seychelles,2011-01-01,177,11.642999999999999,36.0,0.544,532.2
Seychelles,2009-01-01,183,11.344000000000001,39.0,0.441,361.6
Singapore,2016-01-01,51,22.936,24.8,5.085,2489.9
Singapore,2013-01-01,56,18.958,21.9,4.008,2114.6
Slovakia,2015-01-01,107,34.438,57.5,,1108.4
Slovakia,2013-01-01,111,33.855,58.0,,1370.1
Slovakia,2004-01-01,137,33.061,69.1,4.904,511.5
Slovakia,2003-01-01,143,32.71,72.5,4.695,344.5
Slovakia,2002-01-01,144,33.122,75.7,4.531000000000001,254.1
Slovakia,2001-01-01,145,33.374,76.7,4.23,212.2
Slovakia,2000-01-01,147,33.475,78.6,3.645,203.5
Slovenia,2016-01-01,72,30.006999999999998,44.9,6.537000000000001,1834.2
Slovenia,2015-01-01,74,28.148000000000003,45.1,6.252000000000001,1775.1
Slovenia,2014-01-01,70,27.628,45.4,6.017,2059.6
Slovenia,2013-01-01,78,26.252,45.5,5.763,2054.8
Slovenia,2012-01-01,81,25.406,45.4,5.632000000000001,1975.0
Slovenia,2011-01-01,82,24.965,46.2,5.513999999999999,2145.0
Slovenia,2010-01-01,87,24.366999999999997,45.7,5.393,2015.2
Slovenia,2009-01-01,91,24.166999999999998,46.0,5.2410000000000005,2116.5
Slovenia,2008-01-01,96,23.994,47.4,4.805,2170.7
Slovenia,2007-01-01,102,23.925,46.6,4.846,1793.6
Slovenia,2006-01-01,107,23.671999999999997,47.7,4.699,1541.7
Slovenia,2005-01-01,104,23.519000000000002,48.3,4.461,1449.2
Slovenia,2004-01-01,113,23.058000000000003,48.0,4.211,1368.6
Slovenia,2003-01-01,119,22.561,49.6,4.065,1203.1
Slovenia,2002-01-01,117,22.342,50.9,3.915,944.9
Slovenia,2001-01-01,123,21.761,51.6,3.844,826.2
Slovenia,2000-01-01,122,21.526999999999997,54.0,3.758,796.6
Solomon Islands,2012-01-01,160,1.546,14.0,1.097,107.9
Solomon Islands,2011-01-01,165,2.013,16.6,0.813,122.8
South Africa,2004-01-01,459,7.365,28.7,2.347,322.7
Spain,2016-01-01,56,38.111999999999995,29.7,12.044,2390.6
Spain,2015-01-01,58,32.166,29.8,11.87,2351.5
Spain,2014-01-01,58,31.656999999999996,29.7,11.665,2671.3
Spain,2013-01-01,59,31.425,29.6,11.100999999999999,2628.9
Spain,2012-01-01,61,31.396,29.9,10.454,2588.7
Spain,2011-01-01,63,30.473000000000003,30.5,9.295,2894.8
Spain,2010-01-01,65,30.291999999999998,31.1,9.162,2775.1
Spain,2009-01-01,67,30.395,31.6,9.338,2912.5
Spain,2008-01-01,70,29.846999999999998,32.0,9.92,2967.6
Spain,2007-01-01,72,28.747,32.5,9.48,2587.0
Spain,2006-01-01,73,28.206,32.9,9.158999999999999,2227.9
Spain,2005-01-01,76,27.605,33.4,8.504,2050.8
Spain,2004-01-01,79,34.135,34.0,8.012,1914.5
Spain,2003-01-01,82,31.928,34.4,7.567,1632.3
Spain,2002-01-01,82,30.932,35.3,7.737,1169.1
Spain,2001-01-01,83,31.002,35.8,7.752999999999999,1044.1
Spain,2000-01-01,84,31.158,36.5,7.144,1002.8
Sudan,2015-01-01,227,4.073,6.7,4.371,158.0
Sudan,2008-01-01,250,3.2710000000000004,7.3,0.11699999999999999,106.7
Sudan,2007-01-01,253,3.503,7.3,0.11599999999999999,104.3
Sudan,2006-01-01,260,3.5,7.3,0.484,70.0
Sudan,2004-01-01,278,2.499,7.1,0.442,36.7
Sweden,2016-01-01,52,39.84,23.4,7.73,5707.1
Sweden,2015-01-01,54,42.856,24.4,7.606,5623.2
Sweden,2014-01-01,55,42.037,25.4,7.537999999999999,6628.5
Sweden,2013-01-01,56,41.25899999999999,25.9,7.497000000000001,6723.1
Sweden,2012-01-01,56,40.368,26.6,7.609,6273.5
Sweden,2011-01-01,58,39.569,27.0,7.629,6386.7
Sweden,2010-01-01,58,38.779,27.3,7.544,4437.1
Sweden,2009-01-01,61,38.065,27.6,7.46,4151.8
Sweden,2008-01-01,62,37.353,28.1,7.672999999999999,4652.8
Sweden,2007-01-01,63,36.76,28.6,7.744,4321.8
Sweden,2006-01-01,64,35.96,28.9,7.609,3788.7
Sweden,2005-01-01,66,35.107,29.3,7.599,3573.5
Sweden,2004-01-01,70,34.378,30.1,7.58,3513.3
Sweden,2003-01-01,68,33.509,30.5,7.425,3134.5
Sweden,2002-01-01,70,32.797,31.3,7.3839999999999995,2477.2
Sweden,2001-01-01,72,31.767,32.7,7.336,2170.0
Sweden,2000-01-01,72,30.730999999999998,35.8,7.245,2173.2
Switzerland,2016-01-01,49,42.473,46.9,6.997000000000001,9836.0
Switzerland,2015-01-01,50,41.898,47.3,6.435,9807.8
Switzerland,2014-01-01,50,41.17100000000001,47.3,6.449,10014.7
Switzerland,2013-01-01,53,40.303000000000004,48.5,6.441,9689.7
Switzerland,2012-01-01,54,39.102,49.7,6.648,9286.5
Switzerland,2011-01-01,54,38.355,50.5,6.65,9572.2
Switzerland,2010-01-01,57,38.166,51.9,6.369,8021.8
Switzerland,2009-01-01,59,38.476,51.0,6.372999999999999,7599.5
Switzerland,2008-01-01,59,38.298,52.1,6.321000000000001,7411.2
Switzerland,2007-01-01,62,38.518,53.6,6.225,6401.8
Switzerland,2006-01-01,64,38.589,53.9,6.058,5900.5
Switzerland,2005-01-01,66,38.207,55.4,6.074,5964.7
Switzerland,2004-01-01,68,37.88,56.7,6.09,5889.8
Switzerland,2003-01-01,71,37.516,58.2,6.285,5277.4
Switzerland,2002-01-01,73,35.9,59.5,6.374,4420.6
Switzerland,2001-01-01,75,35.373000000000005,60.4,6.313,3957.2
Switzerland,2000-01-01,78,35.298,62.9,6.229,3737.8
Syrian Arab Republic,2016-01-01,301,12.874,14.6,10.658,
Syrian Arab Republic,2014-01-01,368,15.513,15.0,14.812000000000001,
Syrian Arab Republic,2010-01-01,124,14.602,15.4,7.749,94.3
Syrian Arab Republic,2009-01-01,123,14.113,15.1,8.093,92.2
Syrian Arab Republic,2008-01-01,123,14.857999999999999,15.4,8.023,87.9
Syrian Arab Republic,2007-01-01,123,14.882,14.7,6.5360000000000005,76.4
Syrian Arab Republic,2005-01-01,123,15.384,12.8,7.199,63.8
Syrian Arab Republic,2004-01-01,125,14.522,14.9,7.1370000000000005,61.7
Syrian Arab Republic,2003-01-01,124,14.052999999999999,14.9,6.207000000000001,61.3
Syrian Arab Republic,2002-01-01,124,14.675999999999998,13.8,5.885,63.9
Syrian Arab Republic,2000-01-01,124,13.654000000000002,14.0,5.404,54.2
Tajikistan,2003-01-01,147,19.396,61.2,1.04,11.1
Tajikistan,2002-01-01,157,20.41,62.7,1.058,8.3
Tajikistan,2001-01-01,162,21.241,64.0,1.0759999999999998,7.7
Tajikistan,2000-01-01,170,21.717,65.4,1.094,6.0
Trinidad and Tobago,2010-01-01,179,18.086,21.4,4.8260000000000005,861.5
Tunisia,2016-01-01,91,12.834000000000001,21.8,2.294,256.5
Tunisia,2015-01-01,93,13.107999999999999,21.8,2.318,268.2
Tunisia,2010-01-01,99,12.22,20.9,3.043,243.6
Tunisia,2005-01-01,105,9.322000000000001,17.6,2.092,172.4
Tunisia,2004-01-01,106,13.3,20.5,2.773,169.8
Tunisia,2002-01-01,108,8.068,17.1,2.077,126.0
Tunisia,2001-01-01,110,7.93,17.3,2.04,115.0
Tunisia,2000-01-01,111,7.667999999999999,17.3,2.01,111.8
Turkey,2016-01-01,104,18.142,27.5,3.491,468.6
Turkey,2015-01-01,106,17.988,26.8,3.5060000000000002,454.6
Turkey,2014-01-01,107,17.56,26.8,3.522,527.2
Turkey,2013-01-01,109,17.619,26.5,3.5580000000000003,552.4
Turkey,2012-01-01,112,17.384,26.6,3.5589999999999997,524.8
Turkey,2011-01-01,114,17.16,26.2,3.552,531.7
Turkey,2010-01-01,116,17.067999999999998,27.4,3.665,539.3
Turkey,2009-01-01,118,16.635,26.2,3.533,500.1
Turkey,2008-01-01,121,16.067999999999998,25.8,3.5189999999999997,570.7
Turkey,2007-01-01,124,15.579,25.4,3.446,512.7
Turkey,2006-01-01,126,15.195,25.2,3.365,416.9
Turkey,2005-01-01,129,14.852,25.0,3.3510000000000004,364.9
Turkey,2004-01-01,132,14.492,24.7,3.3739999999999997,299.6
Turkey,2003-01-01,134,14.294,24.8,3.385,238.7
Turkey,2002-01-01,137,14.114,24.9,3.4210000000000003,186.7
Turkey,2001-01-01,140,13.99,21.6,3.446,153.6
Turkey,2000-01-01,144,13.479000000000001,21.0,3.467,199.5
Turkmenistan,2014-01-01,199,22.247,40.3,1.694,437.8
Turkmenistan,2013-01-01,196,22.125,39.3,1.6880000000000002,376.2
Turkmenistan,2012-01-01,189,22.375,39.8,1.6880000000000002,318.8
Turkmenistan,2011-01-01,190,22.840999999999998,40.7,1.714,276.7
Turkmenistan,2010-01-01,188,22.743000000000002,41.0,1.824,221.8
Turkmenistan,2009-01-01,196,22.910999999999998,40.2,1.903,194.3
Turkmenistan,2008-01-01,219,23.026,40.4,1.9669999999999999,255.5
Turkmenistan,2007-01-01,226,23.414,40.7,1.992,281.9
Turkmenistan,2006-01-01,231,23.923000000000002,43.4,1.925,374.2
Turkmenistan,2005-01-01,234,25.038,44.0,2.074,345.1
Turkmenistan,2004-01-01,224,26.13,49.0,2.0980000000000003,319.3
Turkmenistan,2003-01-01,218,26.651,50.8,2.661,208.9
Turkmenistan,2002-01-01,216,70.946,50.2,2.69,132.5
Turkmenistan,2001-01-01,210,27.680999999999997,51.3,3.116,123.8
Turkmenistan,2000-01-01,215,27.475,53.6,3.253,76.6
Ukraine,2014-01-01,212,29.923000000000002,74.6,0.337,197.4
Ukraine,2013-01-01,207,34.965,88.0,0.413,298.9
Ukraine,2012-01-01,211,34.91,89.1,0.39399999999999996,275.9
Ukraine,2011-01-01,209,34.842,90.5,0.384,244.0
Ukraine,2010-01-01,218,34.83,93.8,0.397,202.3
Ukraine,2009-01-01,235,34.904,94.0,0.379,168.2
Ukraine,2008-01-01,275,31.177,87.5,0.255,215.7
Ukraine,2007-01-01,278,30.885,87.2,0.248,185.8
Ukraine,2006-01-01,268,30.838,87.3,0.249,148.3
Ukraine,2005-01-01,280,30.180999999999997,86.8,0.253,116.3
Ukraine,2004-01-01,269,30.160999999999998,87.3,0.242,84.6
Ukraine,2003-01-01,258,30.096,88.1,0.26,68.9
Ukraine,2002-01-01,257,30.188000000000002,88.9,0.255,52.9
Ukraine,2001-01-01,254,30.279,87.9,0.27699999999999997,44.8
Ukraine,2000-01-01,258,30.295,88.2,0.297,35.1
United Arab Emirates,2016-01-01,74,23.71,13.6,7.34,1310.9
United Arab Emirates,2015-01-01,75,22.111,11.0,5.665,1402.0
United Arab Emirates,2014-01-01,76,19.953,0.1,6.086,1613.4
United Arab Emirates,2013-01-01,78,17.413,11.5,4.111000000000001,1556.3
United Arab Emirates,2012-01-01,79,14.767000000000001,10.7,1.93,1441.6
United Arab Emirates,2011-01-01,80,14.369000000000002,10.7,0.5589999999999999,1484.0
United Arab Emirates,2010-01-01,81,14.195,19.3,1.787,1359.0
United Arab Emirates,2009-01-01,83,15.177,19.3,6.545,1339.4
United Arab Emirates,2008-01-01,85,16.405,18.6,4.374,1340.0
United Arab Emirates,2007-01-01,86,14.052999999999999,18.8,5.466,1094.8
United Arab Emirates,2006-01-01,88,13.298,18.8,6.871,985.3
United Arab Emirates,2005-01-01,91,15.193,21.9,6.081,915.1
United Arab Emirates,2004-01-01,94,19.176,21.9,4.93,890.3
United Arab Emirates,2003-01-01,98,20.763,21.9,4.922,879.4
United Arab Emirates,2002-01-01,101,20.027,21.9,4.637,851.0
United Arab Emirates,2001-01-01,104,19.829,22.8,4.581,771.7
United Arab Emirates,2000-01-01,107,18.015,23.8,4.368,781.8
United Kingdom of Great Britain and Northern Ireland,2016-01-01,67,27.563000000000002,25.7,8.527999999999999,3945.0
United Kingdom of Great Britain and Northern Ireland,2015-01-01,69,27.465,26.1,8.257,4326.3
United Kingdom of Great Britain and Northern Ireland,2014-01-01,68,27.149,27.3,8.141,4601.1
United Kingdom of Great Britain and Northern Ireland,2013-01-01,69,26.774,27.6,7.897,4207.9
United Kingdom of Great Britain and Northern Ireland,2012-01-01,69,26.666999999999998,28.1,7.707000000000001,3492.9
United Kingdom of Great Britain and Northern Ireland,2011-01-01,71,26.603,28.8,7.504,3501.9
United Kingdom of Great Britain and Northern Ireland,2010-01-01,74,26.265,29.3,6.404,3309.5
United Kingdom of Great Britain and Northern Ireland,2009-01-01,76,26.279,32.6,6.31,3273.7
United Kingdom of Great Britain and Northern Ireland,2008-01-01,78,25.543000000000003,33.3,6.2620000000000005,3606.2
United Kingdom of Great Britain and Northern Ireland,2007-01-01,79,24.844,33.9,6.205,3740.2
United Kingdom of Great Britain and Northern Ireland,2006-01-01,81,24.59,35.4,6.2,3251.7
United Kingdom of Great Britain and Northern Ireland,2005-01-01,81,24.12,37.2,6.0489999999999995,3010.2
United Kingdom of Great Britain and Northern Ireland,2004-01-01,82,23.357,38.6,6.143,2828.3
United Kingdom of Great Britain and Northern Ireland,2003-01-01,86,22.04,39.5,6.028,2347.0
United Kingdom of Great Britain and Northern Ireland,2002-01-01,87,21.146,39.8,5.893,1965.8
United States of America,2010-01-01,105,24.354,30.5,9.249,7957.3
United States of America,2005-01-01,112,24.355999999999998,32.0,8.789,6451.8
Uruguay,2016-01-01,114,39.558,24.8,,1400.7
Uzbekistan,2014-01-01,139,23.741999999999997,39.8,0.409,117.4
Uzbekistan,2013-01-01,141,24.044,39.9,0.377,116.0
Uzbekistan,2012-01-01,145,24.451,41.9,0.38,106.2
Uzbekistan,2011-01-01,144,25.035999999999998,43.2,0.373,89.6
Uzbekistan,2010-01-01,145,25.432,44.4,0.377,76.9
Uzbekistan,2009-01-01,149,25.706,45.8,0.353,63.4
Uzbekistan,2008-01-01,157,26.048000000000002,46.7,0.342,52.3
Uzbekistan,2007-01-01,165,26.329,48.3,0.33,40.4
Uzbekistan,2006-01-01,174,26.515,51.2,0.273,32.2
Uzbekistan,2005-01-01,183,26.701,51.9,0.313,27.2
Uzbekistan,2004-01-01,174,27.21,52.6,0.298,23.3
Uzbekistan,2003-01-01,173,27.816,54.8,0.297,21.3
Uzbekistan,2002-01-01,176,28.456,55.4,0.302,20.2
Uzbekistan,2001-01-01,177,29.09,53.4,0.268,25.2
Uzbekistan,2000-01-01,183,29.628,53.3,0.272,29.7
Viet Nam,2010-01-01,132,7.1,29.1,2.6710000000000003,78.2
Viet Nam,2005-01-01,137,6.138999999999999,23.4,1.8,34.8
Yemen,2014-01-01,226,5.251,7.1,1.052,79.7
Yemen,2004-01-01,248,3.449,5.9,0.473,38.2
Zambia,2010-01-01,364,0.614,20.0,0.233,54.4
